{"cameraMode":{"drawMode":0,"name":"Shaded","section":"Shading Mode"},"sceneLighting":false,"audioPlay":false,"sceneViewState":{"m_AlwaysRefresh":false,"showFog":true,"showSkybox":false,"showFlares":true,"showImageEffects":true,"showParticleSystems":true,"showVisualEffectGraphs":true,"m_FxEnabled":true},"in2DMode":false,"pivot":{"x":-0.0011491775512695313,"y":0.24924008548259736,"z":0.29052186012268069},"rotation":{"x":-0.23046089708805085,"y":0.6887623071670532,"z":-0.24753671884536744,"w":-0.6412865519523621},"size":4.786665439605713,"orthographic":false}