{"cameraMode":{"drawMode":0,"name":"Shaded","section":"Shading Mode"},"sceneLighting":true,"audioPlay":false,"sceneViewState":{"m_AlwaysRefresh":false,"showFog":true,"showSkybox":true,"showFlares":true,"showImageEffects":true,"showParticleSystems":true,"showVisualEffectGraphs":true,"m_FxEnabled":true},"in2DMode":false,"pivot":{"x":-0.15557241439819337,"y":1.414090633392334,"z":3.343872547149658},"rotation":{"x":-0.05427729710936546,"y":0.01757001131772995,"z":-0.0010052943835034967,"w":-0.9984212517738342},"size":3.5888333320617677,"orthographic":false}